--
-- PostgreSQL database dump
--

-- Dumped from database version 13.6
-- Dumped by pg_dump version 13.6

SET statement_timeout = 0;
SET lock_timeout = 0;
SET idle_in_transaction_session_timeout = 0;
SET client_encoding = 'UTF8';
SET standard_conforming_strings = on;
SELECT pg_catalog.set_config('search_path', '', false);
SET check_function_bodies = false;
SET xmloption = content;
SET client_min_messages = warning;
SET row_security = off;

SET default_tablespace = '';

SET default_table_access_method = heap;

--
-- Name: auth_group; Type: TABLE; Schema: public; Owner: senator23
--

CREATE TABLE public.auth_group (
    id integer NOT NULL,
    name character varying(150) NOT NULL
);


ALTER TABLE public.auth_group OWNER TO senator23;

--
-- Name: auth_group_id_seq; Type: SEQUENCE; Schema: public; Owner: senator23
--

CREATE SEQUENCE public.auth_group_id_seq
    AS integer
    START WITH 1
    INCREMENT BY 1
    NO MINVALUE
    NO MAXVALUE
    CACHE 1;


ALTER TABLE public.auth_group_id_seq OWNER TO senator23;

--
-- Name: auth_group_id_seq; Type: SEQUENCE OWNED BY; Schema: public; Owner: senator23
--

ALTER SEQUENCE public.auth_group_id_seq OWNED BY public.auth_group.id;


--
-- Name: auth_group_permissions; Type: TABLE; Schema: public; Owner: senator23
--

CREATE TABLE public.auth_group_permissions (
    id bigint NOT NULL,
    group_id integer NOT NULL,
    permission_id integer NOT NULL
);


ALTER TABLE public.auth_group_permissions OWNER TO senator23;

--
-- Name: auth_group_permissions_id_seq; Type: SEQUENCE; Schema: public; Owner: senator23
--

CREATE SEQUENCE public.auth_group_permissions_id_seq
    START WITH 1
    INCREMENT BY 1
    NO MINVALUE
    NO MAXVALUE
    CACHE 1;


ALTER TABLE public.auth_group_permissions_id_seq OWNER TO senator23;

--
-- Name: auth_group_permissions_id_seq; Type: SEQUENCE OWNED BY; Schema: public; Owner: senator23
--

ALTER SEQUENCE public.auth_group_permissions_id_seq OWNED BY public.auth_group_permissions.id;


--
-- Name: auth_permission; Type: TABLE; Schema: public; Owner: senator23
--

CREATE TABLE public.auth_permission (
    id integer NOT NULL,
    name character varying(255) NOT NULL,
    content_type_id integer NOT NULL,
    codename character varying(100) NOT NULL
);


ALTER TABLE public.auth_permission OWNER TO senator23;

--
-- Name: auth_permission_id_seq; Type: SEQUENCE; Schema: public; Owner: senator23
--

CREATE SEQUENCE public.auth_permission_id_seq
    AS integer
    START WITH 1
    INCREMENT BY 1
    NO MINVALUE
    NO MAXVALUE
    CACHE 1;


ALTER TABLE public.auth_permission_id_seq OWNER TO senator23;

--
-- Name: auth_permission_id_seq; Type: SEQUENCE OWNED BY; Schema: public; Owner: senator23
--

ALTER SEQUENCE public.auth_permission_id_seq OWNED BY public.auth_permission.id;


--
-- Name: auth_user; Type: TABLE; Schema: public; Owner: senator23
--

CREATE TABLE public.auth_user (
    id integer NOT NULL,
    password character varying(128) NOT NULL,
    last_login timestamp with time zone,
    is_superuser boolean NOT NULL,
    username character varying(150) NOT NULL,
    first_name character varying(150) NOT NULL,
    last_name character varying(150) NOT NULL,
    email character varying(254) NOT NULL,
    is_staff boolean NOT NULL,
    is_active boolean NOT NULL,
    date_joined timestamp with time zone NOT NULL
);


ALTER TABLE public.auth_user OWNER TO senator23;

--
-- Name: auth_user_groups; Type: TABLE; Schema: public; Owner: senator23
--

CREATE TABLE public.auth_user_groups (
    id bigint NOT NULL,
    user_id integer NOT NULL,
    group_id integer NOT NULL
);


ALTER TABLE public.auth_user_groups OWNER TO senator23;

--
-- Name: auth_user_groups_id_seq; Type: SEQUENCE; Schema: public; Owner: senator23
--

CREATE SEQUENCE public.auth_user_groups_id_seq
    START WITH 1
    INCREMENT BY 1
    NO MINVALUE
    NO MAXVALUE
    CACHE 1;


ALTER TABLE public.auth_user_groups_id_seq OWNER TO senator23;

--
-- Name: auth_user_groups_id_seq; Type: SEQUENCE OWNED BY; Schema: public; Owner: senator23
--

ALTER SEQUENCE public.auth_user_groups_id_seq OWNED BY public.auth_user_groups.id;


--
-- Name: auth_user_id_seq; Type: SEQUENCE; Schema: public; Owner: senator23
--

CREATE SEQUENCE public.auth_user_id_seq
    AS integer
    START WITH 1
    INCREMENT BY 1
    NO MINVALUE
    NO MAXVALUE
    CACHE 1;


ALTER TABLE public.auth_user_id_seq OWNER TO senator23;

--
-- Name: auth_user_id_seq; Type: SEQUENCE OWNED BY; Schema: public; Owner: senator23
--

ALTER SEQUENCE public.auth_user_id_seq OWNED BY public.auth_user.id;


--
-- Name: auth_user_user_permissions; Type: TABLE; Schema: public; Owner: senator23
--

CREATE TABLE public.auth_user_user_permissions (
    id bigint NOT NULL,
    user_id integer NOT NULL,
    permission_id integer NOT NULL
);


ALTER TABLE public.auth_user_user_permissions OWNER TO senator23;

--
-- Name: auth_user_user_permissions_id_seq; Type: SEQUENCE; Schema: public; Owner: senator23
--

CREATE SEQUENCE public.auth_user_user_permissions_id_seq
    START WITH 1
    INCREMENT BY 1
    NO MINVALUE
    NO MAXVALUE
    CACHE 1;


ALTER TABLE public.auth_user_user_permissions_id_seq OWNER TO senator23;

--
-- Name: auth_user_user_permissions_id_seq; Type: SEQUENCE OWNED BY; Schema: public; Owner: senator23
--

ALTER SEQUENCE public.auth_user_user_permissions_id_seq OWNED BY public.auth_user_user_permissions.id;


--
-- Name: django_admin_log; Type: TABLE; Schema: public; Owner: senator23
--

CREATE TABLE public.django_admin_log (
    id integer NOT NULL,
    action_time timestamp with time zone NOT NULL,
    object_id text,
    object_repr character varying(200) NOT NULL,
    action_flag smallint NOT NULL,
    change_message text NOT NULL,
    content_type_id integer,
    user_id integer NOT NULL,
    CONSTRAINT django_admin_log_action_flag_check CHECK ((action_flag >= 0))
);


ALTER TABLE public.django_admin_log OWNER TO senator23;

--
-- Name: django_admin_log_id_seq; Type: SEQUENCE; Schema: public; Owner: senator23
--

CREATE SEQUENCE public.django_admin_log_id_seq
    AS integer
    START WITH 1
    INCREMENT BY 1
    NO MINVALUE
    NO MAXVALUE
    CACHE 1;


ALTER TABLE public.django_admin_log_id_seq OWNER TO senator23;

--
-- Name: django_admin_log_id_seq; Type: SEQUENCE OWNED BY; Schema: public; Owner: senator23
--

ALTER SEQUENCE public.django_admin_log_id_seq OWNED BY public.django_admin_log.id;


--
-- Name: django_content_type; Type: TABLE; Schema: public; Owner: senator23
--

CREATE TABLE public.django_content_type (
    id integer NOT NULL,
    app_label character varying(100) NOT NULL,
    model character varying(100) NOT NULL
);


ALTER TABLE public.django_content_type OWNER TO senator23;

--
-- Name: django_content_type_id_seq; Type: SEQUENCE; Schema: public; Owner: senator23
--

CREATE SEQUENCE public.django_content_type_id_seq
    AS integer
    START WITH 1
    INCREMENT BY 1
    NO MINVALUE
    NO MAXVALUE
    CACHE 1;


ALTER TABLE public.django_content_type_id_seq OWNER TO senator23;

--
-- Name: django_content_type_id_seq; Type: SEQUENCE OWNED BY; Schema: public; Owner: senator23
--

ALTER SEQUENCE public.django_content_type_id_seq OWNED BY public.django_content_type.id;


--
-- Name: django_migrations; Type: TABLE; Schema: public; Owner: senator23
--

CREATE TABLE public.django_migrations (
    id bigint NOT NULL,
    app character varying(255) NOT NULL,
    name character varying(255) NOT NULL,
    applied timestamp with time zone NOT NULL
);


ALTER TABLE public.django_migrations OWNER TO senator23;

--
-- Name: django_migrations_id_seq; Type: SEQUENCE; Schema: public; Owner: senator23
--

CREATE SEQUENCE public.django_migrations_id_seq
    START WITH 1
    INCREMENT BY 1
    NO MINVALUE
    NO MAXVALUE
    CACHE 1;


ALTER TABLE public.django_migrations_id_seq OWNER TO senator23;

--
-- Name: django_migrations_id_seq; Type: SEQUENCE OWNED BY; Schema: public; Owner: senator23
--

ALTER SEQUENCE public.django_migrations_id_seq OWNED BY public.django_migrations.id;


--
-- Name: django_session; Type: TABLE; Schema: public; Owner: senator23
--

CREATE TABLE public.django_session (
    session_key character varying(40) NOT NULL,
    session_data text NOT NULL,
    expire_date timestamp with time zone NOT NULL
);


ALTER TABLE public.django_session OWNER TO senator23;

--
-- Name: general_appeal; Type: TABLE; Schema: public; Owner: senator23
--

CREATE TABLE public.general_appeal (
    id bigint NOT NULL,
    name character varying(50) NOT NULL,
    e_mail character varying(30) NOT NULL,
    filial character varying(20) NOT NULL,
    message text NOT NULL
);


ALTER TABLE public.general_appeal OWNER TO senator23;

--
-- Name: general_appeal_id_seq; Type: SEQUENCE; Schema: public; Owner: senator23
--

CREATE SEQUENCE public.general_appeal_id_seq
    START WITH 1
    INCREMENT BY 1
    NO MINVALUE
    NO MAXVALUE
    CACHE 1;


ALTER TABLE public.general_appeal_id_seq OWNER TO senator23;

--
-- Name: general_appeal_id_seq; Type: SEQUENCE OWNED BY; Schema: public; Owner: senator23
--

ALTER SEQUENCE public.general_appeal_id_seq OWNED BY public.general_appeal.id;


--
-- Name: general_document; Type: TABLE; Schema: public; Owner: senator23
--

CREATE TABLE public.general_document (
    id bigint NOT NULL,
    date_append timestamp with time zone NOT NULL,
    document character varying(100) NOT NULL,
    slug character varying(100) NOT NULL
);


ALTER TABLE public.general_document OWNER TO senator23;

--
-- Name: general_document_id_seq; Type: SEQUENCE; Schema: public; Owner: senator23
--

CREATE SEQUENCE public.general_document_id_seq
    START WITH 1
    INCREMENT BY 1
    NO MINVALUE
    NO MAXVALUE
    CACHE 1;


ALTER TABLE public.general_document_id_seq OWNER TO senator23;

--
-- Name: general_document_id_seq; Type: SEQUENCE OWNED BY; Schema: public; Owner: senator23
--

ALTER SEQUENCE public.general_document_id_seq OWNED BY public.general_document.id;


--
-- Name: general_employee; Type: TABLE; Schema: public; Owner: senator23
--

CREATE TABLE public.general_employee (
    id bigint NOT NULL,
    name character varying(200) NOT NULL,
    "position" character varying(200) NOT NULL,
    address character varying(200) NOT NULL,
    phones_num character varying(200) NOT NULL,
    e_mail character varying(254) NOT NULL,
    employee_photo character varying(100) NOT NULL,
    slug character varying(100) NOT NULL
);


ALTER TABLE public.general_employee OWNER TO senator23;

--
-- Name: general_employee_id_seq; Type: SEQUENCE; Schema: public; Owner: senator23
--

CREATE SEQUENCE public.general_employee_id_seq
    START WITH 1
    INCREMENT BY 1
    NO MINVALUE
    NO MAXVALUE
    CACHE 1;


ALTER TABLE public.general_employee_id_seq OWNER TO senator23;

--
-- Name: general_employee_id_seq; Type: SEQUENCE OWNED BY; Schema: public; Owner: senator23
--

ALTER SEQUENCE public.general_employee_id_seq OWNED BY public.general_employee.id;


--
-- Name: general_news; Type: TABLE; Schema: public; Owner: senator23
--

CREATE TABLE public.general_news (
    id bigint NOT NULL,
    news_date timestamp with time zone NOT NULL,
    news_text text NOT NULL,
    news_photo character varying(100) NOT NULL,
    slug character varying(100) NOT NULL
);


ALTER TABLE public.general_news OWNER TO senator23;

--
-- Name: general_news_id_seq; Type: SEQUENCE; Schema: public; Owner: senator23
--

CREATE SEQUENCE public.general_news_id_seq
    START WITH 1
    INCREMENT BY 1
    NO MINVALUE
    NO MAXVALUE
    CACHE 1;


ALTER TABLE public.general_news_id_seq OWNER TO senator23;

--
-- Name: general_news_id_seq; Type: SEQUENCE OWNED BY; Schema: public; Owner: senator23
--

ALTER SEQUENCE public.general_news_id_seq OWNED BY public.general_news.id;


--
-- Name: general_shortnewsonmainpage; Type: TABLE; Schema: public; Owner: senator23
--

CREATE TABLE public.general_shortnewsonmainpage (
    id bigint NOT NULL,
    short_news_text text NOT NULL,
    short_news_photo character varying(100) NOT NULL,
    short_news_header character varying(30) NOT NULL
);


ALTER TABLE public.general_shortnewsonmainpage OWNER TO senator23;

--
-- Name: general_shortnewsonmainpage_id_seq; Type: SEQUENCE; Schema: public; Owner: senator23
--

CREATE SEQUENCE public.general_shortnewsonmainpage_id_seq
    START WITH 1
    INCREMENT BY 1
    NO MINVALUE
    NO MAXVALUE
    CACHE 1;


ALTER TABLE public.general_shortnewsonmainpage_id_seq OWNER TO senator23;

--
-- Name: general_shortnewsonmainpage_id_seq; Type: SEQUENCE OWNED BY; Schema: public; Owner: senator23
--

ALTER SEQUENCE public.general_shortnewsonmainpage_id_seq OWNED BY public.general_shortnewsonmainpage.id;


--
-- Name: general_сhairman; Type: TABLE; Schema: public; Owner: senator23
--

CREATE TABLE public."general_сhairman" (
    id bigint NOT NULL,
    name character varying(200) NOT NULL,
    "position" character varying(200) NOT NULL,
    address character varying(200) NOT NULL,
    phones_num character varying(200) NOT NULL,
    e_mail character varying(254) NOT NULL,
    chairman_photo character varying(100) NOT NULL,
    slug character varying(100) NOT NULL
);


ALTER TABLE public."general_сhairman" OWNER TO senator23;

--
-- Name: general_сhairman_id_seq; Type: SEQUENCE; Schema: public; Owner: senator23
--

CREATE SEQUENCE public."general_сhairman_id_seq"
    START WITH 1
    INCREMENT BY 1
    NO MINVALUE
    NO MAXVALUE
    CACHE 1;


ALTER TABLE public."general_сhairman_id_seq" OWNER TO senator23;

--
-- Name: general_сhairman_id_seq; Type: SEQUENCE OWNED BY; Schema: public; Owner: senator23
--

ALTER SEQUENCE public."general_сhairman_id_seq" OWNED BY public."general_сhairman".id;


--
-- Name: auth_group id; Type: DEFAULT; Schema: public; Owner: senator23
--

ALTER TABLE ONLY public.auth_group ALTER COLUMN id SET DEFAULT nextval('public.auth_group_id_seq'::regclass);


--
-- Name: auth_group_permissions id; Type: DEFAULT; Schema: public; Owner: senator23
--

ALTER TABLE ONLY public.auth_group_permissions ALTER COLUMN id SET DEFAULT nextval('public.auth_group_permissions_id_seq'::regclass);


--
-- Name: auth_permission id; Type: DEFAULT; Schema: public; Owner: senator23
--

ALTER TABLE ONLY public.auth_permission ALTER COLUMN id SET DEFAULT nextval('public.auth_permission_id_seq'::regclass);


--
-- Name: auth_user id; Type: DEFAULT; Schema: public; Owner: senator23
--

ALTER TABLE ONLY public.auth_user ALTER COLUMN id SET DEFAULT nextval('public.auth_user_id_seq'::regclass);


--
-- Name: auth_user_groups id; Type: DEFAULT; Schema: public; Owner: senator23
--

ALTER TABLE ONLY public.auth_user_groups ALTER COLUMN id SET DEFAULT nextval('public.auth_user_groups_id_seq'::regclass);


--
-- Name: auth_user_user_permissions id; Type: DEFAULT; Schema: public; Owner: senator23
--

ALTER TABLE ONLY public.auth_user_user_permissions ALTER COLUMN id SET DEFAULT nextval('public.auth_user_user_permissions_id_seq'::regclass);


--
-- Name: django_admin_log id; Type: DEFAULT; Schema: public; Owner: senator23
--

ALTER TABLE ONLY public.django_admin_log ALTER COLUMN id SET DEFAULT nextval('public.django_admin_log_id_seq'::regclass);


--
-- Name: django_content_type id; Type: DEFAULT; Schema: public; Owner: senator23
--

ALTER TABLE ONLY public.django_content_type ALTER COLUMN id SET DEFAULT nextval('public.django_content_type_id_seq'::regclass);


--
-- Name: django_migrations id; Type: DEFAULT; Schema: public; Owner: senator23
--

ALTER TABLE ONLY public.django_migrations ALTER COLUMN id SET DEFAULT nextval('public.django_migrations_id_seq'::regclass);


--
-- Name: general_appeal id; Type: DEFAULT; Schema: public; Owner: senator23
--

ALTER TABLE ONLY public.general_appeal ALTER COLUMN id SET DEFAULT nextval('public.general_appeal_id_seq'::regclass);


--
-- Name: general_document id; Type: DEFAULT; Schema: public; Owner: senator23
--

ALTER TABLE ONLY public.general_document ALTER COLUMN id SET DEFAULT nextval('public.general_document_id_seq'::regclass);


--
-- Name: general_employee id; Type: DEFAULT; Schema: public; Owner: senator23
--

ALTER TABLE ONLY public.general_employee ALTER COLUMN id SET DEFAULT nextval('public.general_employee_id_seq'::regclass);


--
-- Name: general_news id; Type: DEFAULT; Schema: public; Owner: senator23
--

ALTER TABLE ONLY public.general_news ALTER COLUMN id SET DEFAULT nextval('public.general_news_id_seq'::regclass);


--
-- Name: general_shortnewsonmainpage id; Type: DEFAULT; Schema: public; Owner: senator23
--

ALTER TABLE ONLY public.general_shortnewsonmainpage ALTER COLUMN id SET DEFAULT nextval('public.general_shortnewsonmainpage_id_seq'::regclass);


--
-- Name: general_сhairman id; Type: DEFAULT; Schema: public; Owner: senator23
--

ALTER TABLE ONLY public."general_сhairman" ALTER COLUMN id SET DEFAULT nextval('public."general_сhairman_id_seq"'::regclass);


--
-- Data for Name: auth_group; Type: TABLE DATA; Schema: public; Owner: senator23
--

COPY public.auth_group (id, name) FROM stdin;
\.


--
-- Data for Name: auth_group_permissions; Type: TABLE DATA; Schema: public; Owner: senator23
--

COPY public.auth_group_permissions (id, group_id, permission_id) FROM stdin;
\.


--
-- Data for Name: auth_permission; Type: TABLE DATA; Schema: public; Owner: senator23
--

COPY public.auth_permission (id, name, content_type_id, codename) FROM stdin;
1	Can add log entry	1	add_logentry
2	Can change log entry	1	change_logentry
3	Can delete log entry	1	delete_logentry
4	Can view log entry	1	view_logentry
5	Can add permission	2	add_permission
6	Can change permission	2	change_permission
7	Can delete permission	2	delete_permission
8	Can view permission	2	view_permission
9	Can add group	3	add_group
10	Can change group	3	change_group
11	Can delete group	3	delete_group
12	Can view group	3	view_group
13	Can add user	4	add_user
14	Can change user	4	change_user
15	Can delete user	4	delete_user
16	Can view user	4	view_user
17	Can add content type	5	add_contenttype
18	Can change content type	5	change_contenttype
19	Can delete content type	5	delete_contenttype
20	Can view content type	5	view_contenttype
21	Can add session	6	add_session
22	Can change session	6	change_session
23	Can delete session	6	delete_session
24	Can view session	6	view_session
25	Can add document	7	add_document
26	Can change document	7	change_document
27	Can delete document	7	delete_document
28	Can view document	7	view_document
29	Can add employee	8	add_employee
30	Can change employee	8	change_employee
31	Can delete employee	8	delete_employee
32	Can view employee	8	view_employee
33	Can add news	9	add_news
34	Can change news	9	change_news
35	Can delete news	9	delete_news
36	Can view news	9	view_news
37	Can add short news on main page	10	add_shortnewsonmainpage
38	Can change short news on main page	10	change_shortnewsonmainpage
39	Can delete short news on main page	10	delete_shortnewsonmainpage
40	Can view short news on main page	10	view_shortnewsonmainpage
41	Can add сhairman	11	add_сhairman
42	Can change сhairman	11	change_сhairman
43	Can delete сhairman	11	delete_сhairman
44	Can view сhairman	11	view_сhairman
45	Can add appeal	12	add_appeal
46	Can change appeal	12	change_appeal
47	Can delete appeal	12	delete_appeal
48	Can view appeal	12	view_appeal
\.


--
-- Data for Name: auth_user; Type: TABLE DATA; Schema: public; Owner: senator23
--

COPY public.auth_user (id, password, last_login, is_superuser, username, first_name, last_name, email, is_staff, is_active, date_joined) FROM stdin;
1	pbkdf2_sha256$320000$x6TlYaz10jHsnZrWfaYseG$wczrwd9oozFkrGduw7juZ0GCwHDZi9C2ox0RiwyM7R0=	2022-03-21 12:59:03.662768+03	t	admin			senator23@mail.ru	t	t	2022-03-11 08:07:17.117488+03
\.


--
-- Data for Name: auth_user_groups; Type: TABLE DATA; Schema: public; Owner: senator23
--

COPY public.auth_user_groups (id, user_id, group_id) FROM stdin;
\.


--
-- Data for Name: auth_user_user_permissions; Type: TABLE DATA; Schema: public; Owner: senator23
--

COPY public.auth_user_user_permissions (id, user_id, permission_id) FROM stdin;
\.


--
-- Data for Name: django_admin_log; Type: TABLE DATA; Schema: public; Owner: senator23
--

COPY public.django_admin_log (id, action_time, object_id, object_repr, action_flag, change_message, content_type_id, user_id) FROM stdin;
1	2022-03-11 10:35:42.180381+03	1	Яшный Юрий Михайлович	1	[{"added": {}}]	8	1
2	2022-03-22 20:15:07.738782+03	1	Поездка в Абхазию	1	[{"added": {}}]	10	1
3	2022-03-22 20:16:06.910023+03	2	Заседание Президиума	1	[{"added": {}}]	10	1
4	2022-03-22 20:16:46.24618+03	3	Подарки от Профсоюза	1	[{"added": {}}]	10	1
\.


--
-- Data for Name: django_content_type; Type: TABLE DATA; Schema: public; Owner: senator23
--

COPY public.django_content_type (id, app_label, model) FROM stdin;
1	admin	logentry
2	auth	permission
3	auth	group
4	auth	user
5	contenttypes	contenttype
6	sessions	session
7	general	document
8	general	employee
9	general	news
10	general	shortnewsonmainpage
11	general	сhairman
12	general	appeal
\.


--
-- Data for Name: django_migrations; Type: TABLE DATA; Schema: public; Owner: senator23
--

COPY public.django_migrations (id, app, name, applied) FROM stdin;
1	contenttypes	0001_initial	2022-03-11 08:03:53.638412+03
2	auth	0001_initial	2022-03-11 08:03:53.700796+03
3	admin	0001_initial	2022-03-11 08:03:53.720967+03
4	admin	0002_logentry_remove_auto_add	2022-03-11 08:03:53.726913+03
5	admin	0003_logentry_add_action_flag_choices	2022-03-11 08:03:53.734443+03
6	contenttypes	0002_remove_content_type_name	2022-03-11 08:03:53.751578+03
7	auth	0002_alter_permission_name_max_length	2022-03-11 08:03:53.761826+03
8	auth	0003_alter_user_email_max_length	2022-03-11 08:03:53.770179+03
9	auth	0004_alter_user_username_opts	2022-03-11 08:03:53.778956+03
10	auth	0005_alter_user_last_login_null	2022-03-11 08:03:53.787895+03
11	auth	0006_require_contenttypes_0002	2022-03-11 08:03:53.790323+03
12	auth	0007_alter_validators_add_error_messages	2022-03-11 08:03:53.800026+03
13	auth	0008_alter_user_username_max_length	2022-03-11 08:03:53.811729+03
14	auth	0009_alter_user_last_name_max_length	2022-03-11 08:03:53.822212+03
15	auth	0010_alter_group_name_max_length	2022-03-11 08:03:53.830482+03
16	auth	0011_update_proxy_permissions	2022-03-11 08:03:53.839842+03
17	auth	0012_alter_user_first_name_max_length	2022-03-11 08:03:53.847955+03
18	general	0001_initial	2022-03-11 08:03:53.917482+03
19	general	0002_rename_full_name_employee_name_and_more	2022-03-11 08:03:53.925271+03
20	sessions	0001_initial	2022-03-11 08:03:53.944446+03
21	general	0003_appeal	2022-03-21 12:25:38.349166+03
22	general	0004_shortnewsonmainpage_short_news_header	2022-03-22 20:13:13.476647+03
23	general	0005_alter_shortnewsonmainpage_managers	2022-03-22 20:36:09.603689+03
24	general	0006_alter_shortnewsonmainpage_short_news_photo	2022-03-23 12:30:25.889751+03
\.


--
-- Data for Name: django_session; Type: TABLE DATA; Schema: public; Owner: senator23
--

COPY public.django_session (session_key, session_data, expire_date) FROM stdin;
b2gb4v23rfbv97ico4fl1f0yntmsrm8c	.eJxVjEEOwiAQRe_C2hCYtgx16b5nIAMMUjWQlHZlvLtt0oVu33v_v4Wjbc1ua7y4OYqr0OLyyzyFJ5dDxAeVe5WhlnWZvTwSedompxr5dTvbv4NMLe9rtMHDqDRoBJV8x4PuAQx5BKuSpUAa-7Gz2AVmMDbtxGAcrOeoSKH4fAHDpzeX:1nSXVY:e2j7npIp-k5lxIGEv-HFPD1JwYHSOf4CYY5yFBAKvLk	2022-03-25 08:08:08.29236+03
0dodo3ry2m5vj6a4pyoua3opbc0skme7	.eJxVjEEOwiAQRe_C2hCYtgx16b5nIAMMUjWQlHZlvLtt0oVu33v_v4Wjbc1ua7y4OYqr0OLyyzyFJ5dDxAeVe5WhlnWZvTwSedompxr5dTvbv4NMLe9rtMHDqDRoBJV8x4PuAQx5BKuSpUAa-7Gz2AVmMDbtxGAcrOeoSKH4fAHDpzeX:1nWEoZ:GRQLfEj8NLN_N5N-sOyOFWTQ0YN1vuBFp6K8xmwmiN4	2022-04-04 12:59:03.664971+03
\.


--
-- Data for Name: general_appeal; Type: TABLE DATA; Schema: public; Owner: senator23
--

COPY public.general_appeal (id, name, e_mail, filial, message) FROM stdin;
9		asd	sda	dasdasd
\.


--
-- Data for Name: general_document; Type: TABLE DATA; Schema: public; Owner: senator23
--

COPY public.general_document (id, date_append, document, slug) FROM stdin;
\.


--
-- Data for Name: general_employee; Type: TABLE DATA; Schema: public; Owner: senator23
--

COPY public.general_employee (id, name, "position", address, phones_num, e_mail, employee_photo, slug) FROM stdin;
1	Яшный Юрий Михайлович	Председатель	Комсомольская 40	31313213232	senator23@mail.ru	about_GXDdfe2.jpg	yuashny
\.


--
-- Data for Name: general_news; Type: TABLE DATA; Schema: public; Owner: senator23
--

COPY public.general_news (id, news_date, news_text, news_photo, slug) FROM stdin;
\.


--
-- Data for Name: general_shortnewsonmainpage; Type: TABLE DATA; Schema: public; Owner: senator23
--

COPY public.general_shortnewsonmainpage (id, short_news_text, short_news_photo, short_news_header) FROM stdin;
1	В период ноябрьских праздников с 4 по 7 ноября Первичная профсоюзная организация МРФ «Юг» организовала для членов профсоюза увлекательное путешествие в солнечную Абхазию.	Jorney.jpg	Поездка в Абхазию
2	12 октября 2021 года в Москве во Дворце труда профсоюзов состоялось заседание Президиума Профсоюза работников связи России.	LOTO.jpg	Заседание Президиума
3	В преддверии наступающего Нового года Профсоюзные организации филиалов МРФ «Юг» ПАО «Ростелеком» традиционно поздравляют работников и их детей с праздником!	NG_podarki.jpg	Подарки от Профсоюза
\.


--
-- Data for Name: general_сhairman; Type: TABLE DATA; Schema: public; Owner: senator23
--

COPY public."general_сhairman" (id, name, "position", address, phones_num, e_mail, chairman_photo, slug) FROM stdin;
\.


--
-- Name: auth_group_id_seq; Type: SEQUENCE SET; Schema: public; Owner: senator23
--

SELECT pg_catalog.setval('public.auth_group_id_seq', 1, false);


--
-- Name: auth_group_permissions_id_seq; Type: SEQUENCE SET; Schema: public; Owner: senator23
--

SELECT pg_catalog.setval('public.auth_group_permissions_id_seq', 1, false);


--
-- Name: auth_permission_id_seq; Type: SEQUENCE SET; Schema: public; Owner: senator23
--

SELECT pg_catalog.setval('public.auth_permission_id_seq', 48, true);


--
-- Name: auth_user_groups_id_seq; Type: SEQUENCE SET; Schema: public; Owner: senator23
--

SELECT pg_catalog.setval('public.auth_user_groups_id_seq', 1, false);


--
-- Name: auth_user_id_seq; Type: SEQUENCE SET; Schema: public; Owner: senator23
--

SELECT pg_catalog.setval('public.auth_user_id_seq', 1, true);


--
-- Name: auth_user_user_permissions_id_seq; Type: SEQUENCE SET; Schema: public; Owner: senator23
--

SELECT pg_catalog.setval('public.auth_user_user_permissions_id_seq', 1, false);


--
-- Name: django_admin_log_id_seq; Type: SEQUENCE SET; Schema: public; Owner: senator23
--

SELECT pg_catalog.setval('public.django_admin_log_id_seq', 4, true);


--
-- Name: django_content_type_id_seq; Type: SEQUENCE SET; Schema: public; Owner: senator23
--

SELECT pg_catalog.setval('public.django_content_type_id_seq', 12, true);


--
-- Name: django_migrations_id_seq; Type: SEQUENCE SET; Schema: public; Owner: senator23
--

SELECT pg_catalog.setval('public.django_migrations_id_seq', 24, true);


--
-- Name: general_appeal_id_seq; Type: SEQUENCE SET; Schema: public; Owner: senator23
--

SELECT pg_catalog.setval('public.general_appeal_id_seq', 9, true);


--
-- Name: general_document_id_seq; Type: SEQUENCE SET; Schema: public; Owner: senator23
--

SELECT pg_catalog.setval('public.general_document_id_seq', 1, false);


--
-- Name: general_employee_id_seq; Type: SEQUENCE SET; Schema: public; Owner: senator23
--

SELECT pg_catalog.setval('public.general_employee_id_seq', 1, true);


--
-- Name: general_news_id_seq; Type: SEQUENCE SET; Schema: public; Owner: senator23
--

SELECT pg_catalog.setval('public.general_news_id_seq', 1, false);


--
-- Name: general_shortnewsonmainpage_id_seq; Type: SEQUENCE SET; Schema: public; Owner: senator23
--

SELECT pg_catalog.setval('public.general_shortnewsonmainpage_id_seq', 3, true);


--
-- Name: general_сhairman_id_seq; Type: SEQUENCE SET; Schema: public; Owner: senator23
--

SELECT pg_catalog.setval('public."general_сhairman_id_seq"', 1, false);


--
-- Name: auth_group auth_group_name_key; Type: CONSTRAINT; Schema: public; Owner: senator23
--

ALTER TABLE ONLY public.auth_group
    ADD CONSTRAINT auth_group_name_key UNIQUE (name);


--
-- Name: auth_group_permissions auth_group_permissions_group_id_permission_id_0cd325b0_uniq; Type: CONSTRAINT; Schema: public; Owner: senator23
--

ALTER TABLE ONLY public.auth_group_permissions
    ADD CONSTRAINT auth_group_permissions_group_id_permission_id_0cd325b0_uniq UNIQUE (group_id, permission_id);


--
-- Name: auth_group_permissions auth_group_permissions_pkey; Type: CONSTRAINT; Schema: public; Owner: senator23
--

ALTER TABLE ONLY public.auth_group_permissions
    ADD CONSTRAINT auth_group_permissions_pkey PRIMARY KEY (id);


--
-- Name: auth_group auth_group_pkey; Type: CONSTRAINT; Schema: public; Owner: senator23
--

ALTER TABLE ONLY public.auth_group
    ADD CONSTRAINT auth_group_pkey PRIMARY KEY (id);


--
-- Name: auth_permission auth_permission_content_type_id_codename_01ab375a_uniq; Type: CONSTRAINT; Schema: public; Owner: senator23
--

ALTER TABLE ONLY public.auth_permission
    ADD CONSTRAINT auth_permission_content_type_id_codename_01ab375a_uniq UNIQUE (content_type_id, codename);


--
-- Name: auth_permission auth_permission_pkey; Type: CONSTRAINT; Schema: public; Owner: senator23
--

ALTER TABLE ONLY public.auth_permission
    ADD CONSTRAINT auth_permission_pkey PRIMARY KEY (id);


--
-- Name: auth_user_groups auth_user_groups_pkey; Type: CONSTRAINT; Schema: public; Owner: senator23
--

ALTER TABLE ONLY public.auth_user_groups
    ADD CONSTRAINT auth_user_groups_pkey PRIMARY KEY (id);


--
-- Name: auth_user_groups auth_user_groups_user_id_group_id_94350c0c_uniq; Type: CONSTRAINT; Schema: public; Owner: senator23
--

ALTER TABLE ONLY public.auth_user_groups
    ADD CONSTRAINT auth_user_groups_user_id_group_id_94350c0c_uniq UNIQUE (user_id, group_id);


--
-- Name: auth_user auth_user_pkey; Type: CONSTRAINT; Schema: public; Owner: senator23
--

ALTER TABLE ONLY public.auth_user
    ADD CONSTRAINT auth_user_pkey PRIMARY KEY (id);


--
-- Name: auth_user_user_permissions auth_user_user_permissions_pkey; Type: CONSTRAINT; Schema: public; Owner: senator23
--

ALTER TABLE ONLY public.auth_user_user_permissions
    ADD CONSTRAINT auth_user_user_permissions_pkey PRIMARY KEY (id);


--
-- Name: auth_user_user_permissions auth_user_user_permissions_user_id_permission_id_14a6b632_uniq; Type: CONSTRAINT; Schema: public; Owner: senator23
--

ALTER TABLE ONLY public.auth_user_user_permissions
    ADD CONSTRAINT auth_user_user_permissions_user_id_permission_id_14a6b632_uniq UNIQUE (user_id, permission_id);


--
-- Name: auth_user auth_user_username_key; Type: CONSTRAINT; Schema: public; Owner: senator23
--

ALTER TABLE ONLY public.auth_user
    ADD CONSTRAINT auth_user_username_key UNIQUE (username);


--
-- Name: django_admin_log django_admin_log_pkey; Type: CONSTRAINT; Schema: public; Owner: senator23
--

ALTER TABLE ONLY public.django_admin_log
    ADD CONSTRAINT django_admin_log_pkey PRIMARY KEY (id);


--
-- Name: django_content_type django_content_type_app_label_model_76bd3d3b_uniq; Type: CONSTRAINT; Schema: public; Owner: senator23
--

ALTER TABLE ONLY public.django_content_type
    ADD CONSTRAINT django_content_type_app_label_model_76bd3d3b_uniq UNIQUE (app_label, model);


--
-- Name: django_content_type django_content_type_pkey; Type: CONSTRAINT; Schema: public; Owner: senator23
--

ALTER TABLE ONLY public.django_content_type
    ADD CONSTRAINT django_content_type_pkey PRIMARY KEY (id);


--
-- Name: django_migrations django_migrations_pkey; Type: CONSTRAINT; Schema: public; Owner: senator23
--

ALTER TABLE ONLY public.django_migrations
    ADD CONSTRAINT django_migrations_pkey PRIMARY KEY (id);


--
-- Name: django_session django_session_pkey; Type: CONSTRAINT; Schema: public; Owner: senator23
--

ALTER TABLE ONLY public.django_session
    ADD CONSTRAINT django_session_pkey PRIMARY KEY (session_key);


--
-- Name: general_appeal general_appeal_pkey; Type: CONSTRAINT; Schema: public; Owner: senator23
--

ALTER TABLE ONLY public.general_appeal
    ADD CONSTRAINT general_appeal_pkey PRIMARY KEY (id);


--
-- Name: general_document general_document_pkey; Type: CONSTRAINT; Schema: public; Owner: senator23
--

ALTER TABLE ONLY public.general_document
    ADD CONSTRAINT general_document_pkey PRIMARY KEY (id);


--
-- Name: general_employee general_employee_pkey; Type: CONSTRAINT; Schema: public; Owner: senator23
--

ALTER TABLE ONLY public.general_employee
    ADD CONSTRAINT general_employee_pkey PRIMARY KEY (id);


--
-- Name: general_news general_news_pkey; Type: CONSTRAINT; Schema: public; Owner: senator23
--

ALTER TABLE ONLY public.general_news
    ADD CONSTRAINT general_news_pkey PRIMARY KEY (id);


--
-- Name: general_shortnewsonmainpage general_shortnewsonmainpage_pkey; Type: CONSTRAINT; Schema: public; Owner: senator23
--

ALTER TABLE ONLY public.general_shortnewsonmainpage
    ADD CONSTRAINT general_shortnewsonmainpage_pkey PRIMARY KEY (id);


--
-- Name: general_сhairman general_сhairman_pkey; Type: CONSTRAINT; Schema: public; Owner: senator23
--

ALTER TABLE ONLY public."general_сhairman"
    ADD CONSTRAINT "general_сhairman_pkey" PRIMARY KEY (id);


--
-- Name: auth_group_name_a6ea08ec_like; Type: INDEX; Schema: public; Owner: senator23
--

CREATE INDEX auth_group_name_a6ea08ec_like ON public.auth_group USING btree (name varchar_pattern_ops);


--
-- Name: auth_group_permissions_group_id_b120cbf9; Type: INDEX; Schema: public; Owner: senator23
--

CREATE INDEX auth_group_permissions_group_id_b120cbf9 ON public.auth_group_permissions USING btree (group_id);


--
-- Name: auth_group_permissions_permission_id_84c5c92e; Type: INDEX; Schema: public; Owner: senator23
--

CREATE INDEX auth_group_permissions_permission_id_84c5c92e ON public.auth_group_permissions USING btree (permission_id);


--
-- Name: auth_permission_content_type_id_2f476e4b; Type: INDEX; Schema: public; Owner: senator23
--

CREATE INDEX auth_permission_content_type_id_2f476e4b ON public.auth_permission USING btree (content_type_id);


--
-- Name: auth_user_groups_group_id_97559544; Type: INDEX; Schema: public; Owner: senator23
--

CREATE INDEX auth_user_groups_group_id_97559544 ON public.auth_user_groups USING btree (group_id);


--
-- Name: auth_user_groups_user_id_6a12ed8b; Type: INDEX; Schema: public; Owner: senator23
--

CREATE INDEX auth_user_groups_user_id_6a12ed8b ON public.auth_user_groups USING btree (user_id);


--
-- Name: auth_user_user_permissions_permission_id_1fbb5f2c; Type: INDEX; Schema: public; Owner: senator23
--

CREATE INDEX auth_user_user_permissions_permission_id_1fbb5f2c ON public.auth_user_user_permissions USING btree (permission_id);


--
-- Name: auth_user_user_permissions_user_id_a95ead1b; Type: INDEX; Schema: public; Owner: senator23
--

CREATE INDEX auth_user_user_permissions_user_id_a95ead1b ON public.auth_user_user_permissions USING btree (user_id);


--
-- Name: auth_user_username_6821ab7c_like; Type: INDEX; Schema: public; Owner: senator23
--

CREATE INDEX auth_user_username_6821ab7c_like ON public.auth_user USING btree (username varchar_pattern_ops);


--
-- Name: django_admin_log_content_type_id_c4bce8eb; Type: INDEX; Schema: public; Owner: senator23
--

CREATE INDEX django_admin_log_content_type_id_c4bce8eb ON public.django_admin_log USING btree (content_type_id);


--
-- Name: django_admin_log_user_id_c564eba6; Type: INDEX; Schema: public; Owner: senator23
--

CREATE INDEX django_admin_log_user_id_c564eba6 ON public.django_admin_log USING btree (user_id);


--
-- Name: django_session_expire_date_a5c62663; Type: INDEX; Schema: public; Owner: senator23
--

CREATE INDEX django_session_expire_date_a5c62663 ON public.django_session USING btree (expire_date);


--
-- Name: django_session_session_key_c0390e0f_like; Type: INDEX; Schema: public; Owner: senator23
--

CREATE INDEX django_session_session_key_c0390e0f_like ON public.django_session USING btree (session_key varchar_pattern_ops);


--
-- Name: general_document_slug_e7f53c52; Type: INDEX; Schema: public; Owner: senator23
--

CREATE INDEX general_document_slug_e7f53c52 ON public.general_document USING btree (slug);


--
-- Name: general_document_slug_e7f53c52_like; Type: INDEX; Schema: public; Owner: senator23
--

CREATE INDEX general_document_slug_e7f53c52_like ON public.general_document USING btree (slug varchar_pattern_ops);


--
-- Name: general_employee_slug_3964a410; Type: INDEX; Schema: public; Owner: senator23
--

CREATE INDEX general_employee_slug_3964a410 ON public.general_employee USING btree (slug);


--
-- Name: general_employee_slug_3964a410_like; Type: INDEX; Schema: public; Owner: senator23
--

CREATE INDEX general_employee_slug_3964a410_like ON public.general_employee USING btree (slug varchar_pattern_ops);


--
-- Name: general_news_slug_aba3c82a; Type: INDEX; Schema: public; Owner: senator23
--

CREATE INDEX general_news_slug_aba3c82a ON public.general_news USING btree (slug);


--
-- Name: general_news_slug_aba3c82a_like; Type: INDEX; Schema: public; Owner: senator23
--

CREATE INDEX general_news_slug_aba3c82a_like ON public.general_news USING btree (slug varchar_pattern_ops);


--
-- Name: general_сhairman_slug_6bbad61e; Type: INDEX; Schema: public; Owner: senator23
--

CREATE INDEX "general_сhairman_slug_6bbad61e" ON public."general_сhairman" USING btree (slug);


--
-- Name: general_сhairman_slug_6bbad61e_like; Type: INDEX; Schema: public; Owner: senator23
--

CREATE INDEX "general_сhairman_slug_6bbad61e_like" ON public."general_сhairman" USING btree (slug varchar_pattern_ops);


--
-- Name: auth_group_permissions auth_group_permissio_permission_id_84c5c92e_fk_auth_perm; Type: FK CONSTRAINT; Schema: public; Owner: senator23
--

ALTER TABLE ONLY public.auth_group_permissions
    ADD CONSTRAINT auth_group_permissio_permission_id_84c5c92e_fk_auth_perm FOREIGN KEY (permission_id) REFERENCES public.auth_permission(id) DEFERRABLE INITIALLY DEFERRED;


--
-- Name: auth_group_permissions auth_group_permissions_group_id_b120cbf9_fk_auth_group_id; Type: FK CONSTRAINT; Schema: public; Owner: senator23
--

ALTER TABLE ONLY public.auth_group_permissions
    ADD CONSTRAINT auth_group_permissions_group_id_b120cbf9_fk_auth_group_id FOREIGN KEY (group_id) REFERENCES public.auth_group(id) DEFERRABLE INITIALLY DEFERRED;


--
-- Name: auth_permission auth_permission_content_type_id_2f476e4b_fk_django_co; Type: FK CONSTRAINT; Schema: public; Owner: senator23
--

ALTER TABLE ONLY public.auth_permission
    ADD CONSTRAINT auth_permission_content_type_id_2f476e4b_fk_django_co FOREIGN KEY (content_type_id) REFERENCES public.django_content_type(id) DEFERRABLE INITIALLY DEFERRED;


--
-- Name: auth_user_groups auth_user_groups_group_id_97559544_fk_auth_group_id; Type: FK CONSTRAINT; Schema: public; Owner: senator23
--

ALTER TABLE ONLY public.auth_user_groups
    ADD CONSTRAINT auth_user_groups_group_id_97559544_fk_auth_group_id FOREIGN KEY (group_id) REFERENCES public.auth_group(id) DEFERRABLE INITIALLY DEFERRED;


--
-- Name: auth_user_groups auth_user_groups_user_id_6a12ed8b_fk_auth_user_id; Type: FK CONSTRAINT; Schema: public; Owner: senator23
--

ALTER TABLE ONLY public.auth_user_groups
    ADD CONSTRAINT auth_user_groups_user_id_6a12ed8b_fk_auth_user_id FOREIGN KEY (user_id) REFERENCES public.auth_user(id) DEFERRABLE INITIALLY DEFERRED;


--
-- Name: auth_user_user_permissions auth_user_user_permi_permission_id_1fbb5f2c_fk_auth_perm; Type: FK CONSTRAINT; Schema: public; Owner: senator23
--

ALTER TABLE ONLY public.auth_user_user_permissions
    ADD CONSTRAINT auth_user_user_permi_permission_id_1fbb5f2c_fk_auth_perm FOREIGN KEY (permission_id) REFERENCES public.auth_permission(id) DEFERRABLE INITIALLY DEFERRED;


--
-- Name: auth_user_user_permissions auth_user_user_permissions_user_id_a95ead1b_fk_auth_user_id; Type: FK CONSTRAINT; Schema: public; Owner: senator23
--

ALTER TABLE ONLY public.auth_user_user_permissions
    ADD CONSTRAINT auth_user_user_permissions_user_id_a95ead1b_fk_auth_user_id FOREIGN KEY (user_id) REFERENCES public.auth_user(id) DEFERRABLE INITIALLY DEFERRED;


--
-- Name: django_admin_log django_admin_log_content_type_id_c4bce8eb_fk_django_co; Type: FK CONSTRAINT; Schema: public; Owner: senator23
--

ALTER TABLE ONLY public.django_admin_log
    ADD CONSTRAINT django_admin_log_content_type_id_c4bce8eb_fk_django_co FOREIGN KEY (content_type_id) REFERENCES public.django_content_type(id) DEFERRABLE INITIALLY DEFERRED;


--
-- Name: django_admin_log django_admin_log_user_id_c564eba6_fk_auth_user_id; Type: FK CONSTRAINT; Schema: public; Owner: senator23
--

ALTER TABLE ONLY public.django_admin_log
    ADD CONSTRAINT django_admin_log_user_id_c564eba6_fk_auth_user_id FOREIGN KEY (user_id) REFERENCES public.auth_user(id) DEFERRABLE INITIALLY DEFERRED;


--
-- PostgreSQL database dump complete
--

